6,6,6,6,6,6,6,6
0,1,2,3,4,5,6,7
0.0,0.0,0.0,0.0,0.0,0.0,0.0,0.0
0.0,0.0,0.0,0.0,0.0,0.0,0.0,0.0
20.0,0.0,0.0,0.0,0.0,20.0,0.0,0.0
0.0,0.0,0.0,0.0,0.0,0.0,20.0,0.0
0.0,0.0,0.0,0.0,0.0,0.0,0.0,0.0
20.0,0.0,0.0,0.0,20.0,0.0,0.0,0.0
0.0,0.0,0.0,0.0,0.0,20.0,0.0,20.0
0.0,0.0,0.0,0.0,0.0,0.0,0.0,0.0
0.0,0.0,0.0,0.0,0.0,20.0,0.0,0.0
0.0,0.0,20.0,0.0,0.0,0.0,20.0,0.0
0.0,0.0,0.0,0.0,0.0,0.0,20.0,0.0
0.0,20.0,20.0,20.0,20.0,0.0,20.0,0.0
0.0,0.0,0.0,0.0,0.0,0.0,0.0,20.0
0.0,20.0,0.0,0.0,0.0,0.0,0.0,0.0
0.0,20.0,20.0,20.0,70.0,0.0,0.0,0.0
0.0,20.0,0.0,0.0,0.0,0.0,0.0,0.0
0.0,0.0,0.0,0.0,0.0,0.0,0.0,0.0
0.0,0.0,20.0,20.0,0.0,0.0,0.0,0.0
0.0,20.0,0.0,20.0,0.0,0.0,20.0,0.0
0.0,0.0,0.0,0.0,20.0,0.0,20.0,0.0
0.0,0.0,0.0,0.0,0.0,0.0,0.0,0.0
0.0,0.0,20.0,0.0,0.0,0.0,0.0,0.0
0.0,20.0,0.0,0.0,0.0,0.0,20.0,0.0
0.0,0.0,0.0,0.0,0.0,0.0,0.0,0.0
0.0,0.0,0.0,20.0,20.0,0.0,20.0,0.0
0.0,0.0,0.0,0.0,0.0,0.0,0.0,20.0
0.0,0.0,0.0,0.0,0.0,0.0,0.0,0.0
0.0,20.0,0.0,0.0,0.0,0.0,0.0,0.0
0.0,0.0,0.0,0.0,0.0,0.0,0.0,0.0
0.0,0.0,0.0,0.0,0.0,0.0,0.0,0.0
0.0,20.0,0.0,0.0,0.0,0.0,0.0,0.0
0.0,0.0,0.0,0.0,0.0,0.0,0.0,20.0
20.0,0.0,0.0,0.0,0.0,0.0,0.0,0.0
0.0,0.0,0.0,0.0,0.0,0.0,0.0,0.0
0.0,0.0,0.0,0.0,0.0,0.0,0.0,0.0
20.0,0.0,0.0,20.0,0.0,0.0,0.0,0.0
0.0,0.0,0.0,0.0,0.0,0.0,0.0,0.0
0.0,0.0,0.0,20.0,0.0,0.0,0.0,0.0
0.0,0.0,0.0,0.0,0.0,20.0,0.0,0.0
0.0,0.0,0.0,0.0,0.0,0.0,20.0,0.0
0.0,0.0,0.0,0.0,0.0,0.0,0.0,20.0
0.0,0.0,0.0,0.0,0.0,0.0,0.0,20.0
0.0,0.0,20.0,0.0,0.0,0.0,0.0,0.0
0.0,0.0,0.0,0.0,0.0,20.0,0.0,0.0
0.0,0.0,20.0,0.0,0.0,0.0,0.0,0.0
0.0,0.0,0.0,20.0,20.0,0.0,0.0,0.0
0.0,20.0,0.0,0.0,20.0,0.0,0.0,20.0
20.0,0.0,0.0,0.0,0.0,0.0,0.0,0.0
0.0,0.0,0.0,0.0,0.0,0.0,0.0,0.0
20.0,0.0,0.0,0.0,0.0,0.0,0.0,0.0
20.0,0.0,20.0,0.0,0.0,0.0,0.0,20.0
20.0,0.0,0.0,0.0,20.0,0.0,0.0,0.0
20.0,20.0,20.0,20.0,0.0,0.0,0.0,0.0
0.0,0.0,0.0,0.0,0.0,0.0,0.0,0.0
0.0,0.0,0.0,20.0,20.0,0.0,0.0,0.0
0.0,0.0,0.0,20.0,0.0,0.0,20.0,0.0
20.0,0.0,0.0,0.0,0.0,0.0,0.0,0.0
20.0,0.0,0.0,20.0,0.0,0.0,0.0,0.0
0.0,0.0,20.0,20.0,0.0,0.0,0.0,0.0
0.0,0.0,0.0,20.0,0.0,0.0,0.0,0.0
0.0,0.0,0.0,0.0,0.0,0.0,20.0,0.0
0.0,0.0,0.0,20.0,0.0,0.0,0.0,0.0
20.0,0.0,0.0,20.0,0.0,20.0,0.0,20.0
0.0,0.0,0.0,0.0,0.0,0.0,0.0,0.0
0.0,0.0,0.0,0.0,0.0,20.0,0.0,20.0
0.0,0.0,20.0,0.0,0.0,0.0,0.0,0.0
0.0,20.0,0.0,0.0,0.0,0.0,0.0,20.0
20.0,0.0,20.0,0.0,20.0,0.0,20.0,0.0
0.0,0.0,0.0,0.0,0.0,0.0,0.0,0.0
0.0,0.0,0.0,20.0,20.0,0.0,0.0,0.0
0.0,0.0,20.0,0.0,20.0,20.0,0.0,0.0
0.0,0.0,0.0,20.0,0.0,0.0,20.0,20.0
0.0,0.0,20.0,0.0,0.0,0.0,0.0,0.0
0.0,0.0,0.0,20.0,0.0,0.0,0.0,0.0
0.0,0.0,0.0,20.0,0.0,0.0,0.0,0.0
0.0,0.0,20.0,20.0,0.0,0.0,20.0,0.0
20.0,0.0,0.0,0.0,0.0,0.0,0.0,0.0
0.0,0.0,20.0,20.0,0.0,0.0,0.0,0.0
0.0,20.0,20.0,0.0,0.0,0.0,20.0,0.0
0.0,0.0,20.0,20.0,0.0,0.0,0.0,0.0
0.0,0.0,0.0,20.0,0.0,0.0,0.0,0.0
0.0,0.0,0.0,0.0,0.0,0.0,0.0,0.0
0.0,0.0,0.0,0.0,20.0,0.0,20.0,0.0
0.0,0.0,0.0,20.0,0.0,0.0,0.0,70.0
0.0,0.0,0.0,0.0,0.0,0.0,20.0,20.0
20.0,0.0,0.0,0.0,20.0,0.0,0.0,0.0
0.0,0.0,0.0,0.0,20.0,0.0,0.0,0.0
20.0,0.0,20.0,20.0,0.0,0.0,0.0,20.0
0.0,0.0,20.0,0.0,20.0,0.0,0.0,0.0
0.0,0.0,0.0,0.0,0.0,0.0,0.0,20.0
0.0,0.0,0.0,0.0,20.0,0.0,0.0,0.0
0.0,0.0,0.0,20.0,0.0,0.0,0.0,20.0
0.0,0.0,0.0,0.0,0.0,0.0,0.0,20.0
20.0,20.0,0.0,0.0,0.0,0.0,0.0,0.0
20.0,0.0,0.0,0.0,0.0,0.0,20.0,0.0
0.0,0.0,0.0,0.0,20.0,0.0,20.0,0.0
0.0,0.0,0.0,0.0,0.0,0.0,0.0,0.0
0.0,0.0,0.0,0.0,0.0,0.0,0.0,0.0
0.0,20.0,0.0,20.0,0.0,0.0,0.0,0.0
20.0,0.0,0.0,0.0,0.0,0.0,20.0,20.0
20.0,0.0,0.0,20.0,0.0,20.0,0.0,0.0
0.0,0.0,0.0,0.0,0.0,0.0,0.0,0.0
20.0,0.0,0.0,20.0,0.0,20.0,0.0,0.0
0.0,0.0,20.0,0.0,0.0,0.0,20.0,20.0
20.0,0.0,0.0,20.0,0.0,0.0,0.0,0.0
0.0,0.0,0.0,20.0,0.0,0.0,0.0,0.0
0.0,0.0,0.0,0.0,0.0,0.0,0.0,0.0
0.0,20.0,0.0,0.0,0.0,20.0,0.0,0.0
20.0,0.0,0.0,0.0,0.0,0.0,0.0,0.0
0.0,0.0,0.0,0.0,0.0,0.0,0.0,0.0
20.0,0.0,0.0,20.0,0.0,0.0,0.0,0.0
0.0,0.0,0.0,0.0,20.0,20.0,0.0,20.0
0.0,0.0,20.0,0.0,0.0,0.0,0.0,0.0
0.0,0.0,0.0,0.0,0.0,0.0,20.0,20.0
20.0,0.0,0.0,0.0,20.0,0.0,0.0,0.0
0.0,0.0,0.0,0.0,0.0,20.0,0.0,0.0
0.0,0.0,0.0,0.0,0.0,0.0,20.0,0.0
20.0,0.0,0.0,0.0,0.0,0.0,0.0,0.0
0.0,0.0,0.0,0.0,0.0,0.0,0.0,0.0
20.0,20.0,0.0,0.0,0.0,0.0,20.0,0.0
0.0,0.0,0.0,0.0,20.0,0.0,0.0,20.0
20.0,0.0,0.0,20.0,0.0,0.0,0.0,20.0
20.0,0.0,0.0,0.0,20.0,0.0,0.0,0.0
0.0,0.0,0.0,0.0,0.0,20.0,0.0,0.0
0.0,0.0,0.0,0.0,0.0,0.0,0.0,0.0
0.0,20.0,0.0,20.0,20.0,0.0,20.0,20.0
20.0,20.0,0.0,0.0,0.0,0.0,0.0,0.0
20.0,0.0,0.0,0.0,20.0,0.0,0.0,0.0
0.0,0.0,0.0,0.0,0.0,0.0,0.0,0.0
0.0,0.0,0.0,0.0,20.0,20.0,0.0,0.0
20.0,0.0,0.0,20.0,20.0,20.0,0.0,20.0
0.0,0.0,0.0,0.0,20.0,0.0,20.0,0.0
20.0,0.0,0.0,0.0,0.0,0.0,0.0,20.0
0.0,0.0,20.0,0.0,0.0,0.0,0.0,0.0
0.0,0.0,0.0,0.0,0.0,0.0,0.0,0.0
0.0,20.0,0.0,20.0,0.0,0.0,0.0,0.0
20.0,0.0,0.0,20.0,0.0,0.0,0.0,20.0
20.0,20.0,0.0,0.0,0.0,0.0,0.0,0.0
0.0,20.0,0.0,0.0,20.0,20.0,20.0,0.0
20.0,0.0,0.0,0.0,0.0,0.0,20.0,0.0
0.0,0.0,0.0,0.0,0.0,20.0,0.0,0.0
0.0,0.0,0.0,20.0,0.0,0.0,0.0,0.0
0.0,0.0,0.0,0.0,0.0,20.0,70.0,0.0
20.0,0.0,0.0,0.0,20.0,0.0,0.0,20.0
0.0,20.0,0.0,0.0,0.0,20.0,0.0,0.0
0.0,0.0,0.0,0.0,0.0,0.0,20.0,0.0
20.0,0.0,0.0,0.0,0.0,0.0,0.0,0.0
0.0,0.0,0.0,0.0,0.0,0.0,0.0,20.0
0.0,20.0,0.0,0.0,0.0,0.0,0.0,0.0
0.0,0.0,0.0,0.0,0.0,0.0,0.0,0.0
0.0,0.0,0.0,0.0,0.0,20.0,0.0,0.0
20.0,0.0,0.0,0.0,0.0,0.0,0.0,0.0
0.0,0.0,0.0,0.0,0.0,20.0,0.0,0.0
20.0,0.0,0.0,0.0,20.0,0.0,0.0,20.0
20.0,0.0,0.0,0.0,20.0,0.0,20.0,0.0
0.0,20.0,0.0,0.0,0.0,0.0,0.0,0.0
20.0,0.0,20.0,20.0,20.0,0.0,0.0,0.0
20.0,20.0,20.0,0.0,0.0,0.0,0.0,0.0
20.0,20.0,0.0,20.0,0.0,0.0,0.0,20.0
20.0,0.0,0.0,20.0,0.0,0.0,0.0,20.0
0.0,0.0,0.0,0.0,0.0,0.0,0.0,0.0
0.0,0.0,0.0,0.0,0.0,0.0,20.0,0.0
20.0,20.0,0.0,0.0,0.0,0.0,0.0,0.0
0.0,20.0,0.0,20.0,20.0,0.0,0.0,20.0
0.0,0.0,0.0,0.0,0.0,0.0,0.0,0.0
0.0,0.0,0.0,20.0,0.0,0.0,0.0,20.0
0.0,0.0,0.0,20.0,0.0,0.0,0.0,0.0
0.0,0.0,20.0,0.0,0.0,0.0,0.0,0.0
0.0,0.0,0.0,0.0,20.0,0.0,0.0,0.0
20.0,0.0,20.0,0.0,0.0,0.0,0.0,20.0
0.0,20.0,0.0,20.0,20.0,20.0,20.0,0.0
20.0,0.0,20.0,0.0,20.0,20.0,0.0,20.0
0.0,0.0,20.0,0.0,0.0,0.0,0.0,20.0
0.0,0.0,0.0,0.0,20.0,20.0,0.0,20.0
0.0,0.0,0.0,20.0,20.0,20.0,0.0,20.0
0.0,0.0,20.0,20.0,20.0,0.0,0.0,20.0
20.0,0.0,20.0,20.0,20.0,20.0,0.0,0.0
0.0,0.0,0.0,0.0,0.0,20.0,20.0,20.0
0.0,0.0,0.0,0.0,0.0,0.0,0.0,20.0
0.0,0.0,0.0,0.0,20.0,0.0,0.0,0.0
20.0,0.0,0.0,0.0,0.0,0.0,0.0,0.0
0.0,0.0,0.0,0.0,20.0,0.0,0.0,0.0
20.0,0.0,0.0,0.0,0.0,0.0,0.0,20.0
20.0,0.0,0.0,0.0,0.0,0.0,0.0,0.0
0.0,0.0,0.0,0.0,20.0,0.0,70.0,20.0
20.0,0.0,0.0,0.0,20.0,20.0,0.0,0.0
0.0,20.0,0.0,0.0,20.0,0.0,0.0,20.0
0.0,0.0,0.0,0.0,20.0,20.0,0.0,20.0
0.0,20.0,0.0,20.0,0.0,0.0,0.0,0.0
0.0,0.0,0.0,0.0,20.0,0.0,20.0,0.0
0.0,0.0,0.0,0.0,0.0,0.0,0.0,0.0
20.0,0.0,0.0,0.0,20.0,0.0,0.0,0.0
0.0,0.0,0.0,0.0,0.0,0.0,0.0,0.0
0.0,0.0,0.0,0.0,0.0,0.0,20.0,0.0
0.0,0.0,0.0,20.0,0.0,0.0,0.0,0.0
20.0,0.0,20.0,0.0,0.0,20.0,20.0,0.0
0.0,20.0,0.0,0.0,20.0,0.0,20.0,0.0
0.0,0.0,0.0,0.0,20.0,0.0,20.0,20.0
20.0,20.0,0.0,0.0,0.0,20.0,0.0,0.0
20.0,20.0,0.0,0.0,20.0,0.0,0.0,0.0
0.0,0.0,0.0,0.0,0.0,0.0,0.0,20.0
0.0,20.0,20.0,0.0,20.0,20.0,0.0,0.0
0.0,0.0,0.0,20.0,0.0,0.0,20.0,0.0
20.0,0.0,20.0,0.0,0.0,0.0,20.0,0.0
0.0,0.0,0.0,0.0,0.0,0.0,0.0,0.0
0.0,0.0,0.0,0.0,0.0,0.0,0.0,0.0
0.0,0.0,0.0,0.0,20.0,20.0,0.0,20.0
20.0,0.0,20.0,0.0,0.0,20.0,0.0,20.0
0.0,0.0,0.0,0.0,0.0,20.0,0.0,0.0
20.0,0.0,20.0,0.0,0.0,0.0,0.0,0.0
0.0,0.0,20.0,0.0,0.0,0.0,20.0,0.0
20.0,0.0,20.0,20.0,0.0,0.0,0.0,20.0
0.0,0.0,20.0,0.0,20.0,0.0,0.0,0.0
0.0,0.0,0.0,0.0,0.0,0.0,0.0,0.0
0.0,0.0,0.0,0.0,20.0,0.0,20.0,0.0
0.0,0.0,0.0,0.0,0.0,0.0,0.0,20.0
0.0,20.0,0.0,20.0,0.0,0.0,0.0,0.0
0.0,0.0,0.0,0.0,20.0,0.0,20.0,20.0
0.0,0.0,0.0,0.0,20.0,20.0,0.0,20.0
0.0,0.0,20.0,0.0,0.0,0.0,0.0,0.0
0.0,0.0,0.0,20.0,20.0,0.0,0.0,0.0
0.0,0.0,0.0,0.0,0.0,0.0,0.0,0.0
0.0,20.0,0.0,0.0,0.0,0.0,0.0,20.0
0.0,20.0,20.0,0.0,0.0,0.0,0.0,0.0
0.0,20.0,0.0,0.0,20.0,20.0,0.0,20.0
20.0,0.0,20.0,0.0,0.0,0.0,0.0,0.0
0.0,20.0,0.0,0.0,0.0,0.0,0.0,0.0
20.0,0.0,0.0,0.0,20.0,0.0,20.0,0.0
0.0,20.0,0.0,20.0,0.0,0.0,20.0,0.0
0.0,0.0,0.0,20.0,0.0,0.0,0.0,0.0
0.0,0.0,0.0,20.0,0.0,0.0,0.0,0.0
0.0,0.0,0.0,20.0,0.0,20.0,20.0,0.0
0.0,0.0,20.0,0.0,20.0,0.0,0.0,20.0
0.0,20.0,0.0,0.0,0.0,0.0,0.0,20.0
20.0,20.0,0.0,0.0,20.0,0.0,0.0,0.0
0.0,0.0,0.0,0.0,20.0,20.0,0.0,0.0
0.0,0.0,20.0,20.0,0.0,0.0,0.0,0.0
20.0,20.0,0.0,0.0,0.0,0.0,0.0,0.0
20.0,20.0,20.0,0.0,0.0,0.0,0.0,20.0
0.0,0.0,0.0,0.0,0.0,0.0,20.0,0.0
0.0,20.0,0.0,20.0,0.0,0.0,20.0,0.0
20.0,0.0,20.0,20.0,20.0,0.0,0.0,0.0
20.0,20.0,0.0,0.0,20.0,0.0,20.0,0.0
0.0,0.0,0.0,0.0,0.0,20.0,20.0,0.0
0.0,0.0,0.0,0.0,0.0,0.0,0.0,20.0
20.0,0.0,0.0,0.0,0.0,20.0,20.0,0.0
0.0,0.0,0.0,20.0,20.0,0.0,0.0,0.0
20.0,0.0,0.0,20.0,0.0,0.0,0.0,0.0
0.0,0.0,0.0,20.0,20.0,0.0,0.0,0.0
0.0,20.0,0.0,0.0,20.0,0.0,0.0,20.0
0.0,0.0,0.0,0.0,20.0,0.0,0.0,0.0
20.0,0.0,0.0,20.0,0.0,0.0,0.0,0.0
0.0,20.0,20.0,0.0,0.0,0.0,0.0,20.0
20.0,20.0,0.0,20.0,0.0,20.0,0.0,20.0
20.0,20.0,0.0,0.0,0.0,0.0,0.0,0.0
20.0,20.0,20.0,0.0,0.0,0.0,0.0,0.0
0.0,0.0,20.0,20.0,0.0,0.0,0.0,0.0
20.0,20.0,0.0,0.0,0.0,0.0,0.0,20.0
0.0,0.0,0.0,20.0,20.0,0.0,0.0,0.0
20.0,0.0,0.0,20.0,0.0,20.0,0.0,20.0
0.0,0.0,0.0,20.0,0.0,0.0,20.0,0.0
0.0,0.0,0.0,20.0,20.0,0.0,0.0,0.0
20.0,20.0,20.0,0.0,0.0,20.0,0.0,0.0
20.0,0.0,20.0,20.0,20.0,0.0,0.0,0.0
0.0,20.0,0.0,0.0,0.0,0.0,0.0,0.0
0.0,0.0,0.0,20.0,20.0,0.0,0.0,20.0
0.0,0.0,0.0,0.0,0.0,0.0,0.0,0.0
20.0,20.0,0.0,20.0,0.0,0.0,20.0,20.0
20.0,20.0,0.0,20.0,20.0,0.0,0.0,20.0
0.0,0.0,0.0,20.0,0.0,0.0,0.0,20.0
0.0,0.0,0.0,0.0,0.0,0.0,0.0,0.0
20.0,0.0,0.0,0.0,20.0,20.0,0.0,20.0
0.0,20.0,0.0,0.0,20.0,0.0,0.0,0.0
0.0,0.0,0.0,0.0,0.0,0.0,0.0,0.0
0.0,0.0,0.0,20.0,0.0,0.0,0.0,0.0
20.0,0.0,0.0,0.0,0.0,0.0,0.0,20.0
0.0,20.0,20.0,0.0,0.0,0.0,0.0,0.0
20.0,0.0,0.0,0.0,0.0,0.0,0.0,0.0
20.0,0.0,20.0,20.0,0.0,20.0,0.0,0.0
20.0,0.0,0.0,0.0,0.0,0.0,0.0,0.0
0.0,0.0,0.0,20.0,0.0,0.0,0.0,0.0
0.0,20.0,0.0,0.0,0.0,0.0,0.0,0.0
0.0,20.0,20.0,20.0,0.0,0.0,0.0,0.0
0.0,0.0,0.0,0.0,0.0,0.0,0.0,0.0
0.0,0.0,0.0,20.0,20.0,0.0,0.0,0.0
0.0,0.0,20.0,0.0,0.0,0.0,0.0,0.0
0.0,0.0,0.0,0.0,0.0,0.0,0.0,0.0
0.0,0.0,0.0,0.0,0.0,0.0,0.0,0.0
0.0,0.0,20.0,20.0,0.0,20.0,0.0,0.0
0.0,0.0,0.0,0.0,0.0,0.0,0.0,0.0
0.0,0.0,20.0,20.0,0.0,20.0,0.0,0.0
0.0,20.0,20.0,20.0,20.0,20.0,20.0,0.0
20.0,0.0,20.0,0.0,0.0,0.0,0.0,0.0
0.0,0.0,0.0,0.0,0.0,0.0,0.0,20.0
20.0,20.0,0.0,0.0,20.0,0.0,0.0,0.0
0.0,0.0,0.0,0.0,0.0,0.0,0.0,0.0
0.0,0.0,0.0,0.0,0.0,0.0,20.0,0.0
20.0,0.0,20.0,20.0,0.0,0.0,0.0,20.0
0.0,0.0,0.0,0.0,0.0,0.0,0.0,0.0
20.0,0.0,20.0,20.0,0.0,20.0,70.0,0.0
20.0,0.0,0.0,20.0,20.0,0.0,0.0,20.0
20.0,0.0,0.0,0.0,0.0,0.0,0.0,0.0
0.0,0.0,0.0,0.0,0.0,0.0,0.0,0.0
0.0,0.0,0.0,0.0,0.0,0.0,0.0,0.0
0.0,20.0,0.0,20.0,0.0,0.0,0.0,20.0
0.0,20.0,20.0,0.0,20.0,0.0,0.0,0.0
20.0,0.0,0.0,0.0,0.0,0.0,0.0,20.0
0.0,20.0,20.0,0.0,20.0,0.0,0.0,0.0
0.0,0.0,20.0,20.0,20.0,0.0,0.0,20.0
20.0,0.0,0.0,20.0,0.0,0.0,0.0,0.0
20.0,0.0,0.0,20.0,0.0,0.0,0.0,0.0
0.0,20.0,0.0,20.0,0.0,0.0,0.0,0.0
20.0,0.0,20.0,0.0,0.0,20.0,20.0,70.0
20.0,0.0,0.0,0.0,0.0,0.0,20.0,20.0
20.0,0.0,20.0,0.0,0.0,0.0,0.0,0.0
20.0,20.0,0.0,20.0,0.0,0.0,0.0,20.0
0.0,20.0,0.0,20.0,0.0,0.0,0.0,0.0
0.0,0.0,0.0,20.0,20.0,0.0,0.0,0.0
0.0,0.0,0.0,20.0,0.0,0.0,0.0,0.0
0.0,20.0,0.0,0.0,0.0,0.0,0.0,0.0
20.0,20.0,20.0,0.0,0.0,0.0,0.0,0.0
0.0,0.0,20.0,20.0,0.0,0.0,0.0,0.0
20.0,20.0,20.0,0.0,0.0,0.0,20.0,20.0
20.0,0.0,0.0,20.0,20.0,0.0,20.0,0.0
0.0,0.0,0.0,20.0,0.0,20.0,0.0,0.0
20.0,0.0,20.0,0.0,0.0,0.0,20.0,0.0
0.0,0.0,20.0,0.0,0.0,0.0,0.0,20.0
20.0,20.0,0.0,0.0,0.0,20.0,0.0,0.0
0.0,20.0,20.0,20.0,0.0,0.0,0.0,20.0
0.0,20.0,0.0,0.0,20.0,20.0,0.0,0.0
20.0,0.0,0.0,0.0,0.0,20.0,0.0,0.0
0.0,0.0,0.0,20.0,0.0,0.0,0.0,0.0
0.0,0.0,0.0,0.0,20.0,0.0,20.0,0.0
20.0,0.0,0.0,0.0,0.0,20.0,0.0,20.0
0.0,0.0,0.0,20.0,20.0,0.0,0.0,20.0
0.0,0.0,0.0,0.0,0.0,0.0,20.0,0.0
0.0,20.0,0.0,20.0,0.0,0.0,20.0,20.0
0.0,0.0,0.0,0.0,0.0,0.0,0.0,20.0
0.0,0.0,20.0,0.0,20.0,20.0,20.0,0.0
0.0,20.0,0.0,0.0,0.0,0.0,0.0,0.0
0.0,0.0,20.0,0.0,20.0,0.0,0.0,20.0
20.0,20.0,0.0,20.0,0.0,0.0,20.0,0.0
20.0,20.0,0.0,0.0,0.0,20.0,0.0,0.0
0.0,0.0,0.0,20.0,0.0,0.0,0.0,20.0
0.0,0.0,0.0,0.0,0.0,0.0,0.0,0.0
0.0,0.0,0.0,0.0,0.0,20.0,0.0,0.0
0.0,0.0,20.0,0.0,20.0,20.0,20.0,0.0
0.0,0.0,0.0,0.0,0.0,0.0,0.0,0.0
0.0,0.0,20.0,0.0,20.0,0.0,0.0,20.0
0.0,0.0,0.0,0.0,0.0,0.0,0.0,0.0
20.0,20.0,0.0,0.0,0.0,0.0,0.0,0.0
20.0,20.0,0.0,20.0,20.0,20.0,0.0,0.0
0.0,20.0,0.0,20.0,0.0,0.0,0.0,0.0
0.0,0.0,0.0,0.0,0.0,0.0,0.0,0.0
0.0,0.0,0.0,20.0,0.0,0.0,0.0,20.0
0.0,20.0,20.0,0.0,0.0,0.0,20.0,0.0
20.0,0.0,20.0,0.0,20.0,0.0,0.0,20.0
0.0,20.0,0.0,0.0,0.0,0.0,0.0,20.0
20.0,0.0,0.0,0.0,0.0,20.0,20.0,20.0
0.0,0.0,0.0,20.0,0.0,0.0,0.0,0.0
0.0,0.0,0.0,0.0,0.0,20.0,0.0,20.0
0.0,0.0,0.0,0.0,20.0,20.0,0.0,0.0
20.0,0.0,20.0,0.0,0.0,0.0,0.0,0.0
20.0,0.0,0.0,0.0,0.0,20.0,0.0,0.0
20.0,0.0,0.0,20.0,0.0,20.0,0.0,20.0
20.0,0.0,20.0,0.0,0.0,0.0,20.0,0.0
0.0,0.0,20.0,20.0,0.0,20.0,20.0,0.0
0.0,0.0,0.0,0.0,0.0,0.0,0.0,0.0
20.0,20.0,0.0,20.0,0.0,20.0,0.0,0.0
0.0,20.0,0.0,20.0,20.0,0.0,0.0,20.0
20.0,0.0,20.0,20.0,0.0,0.0,0.0,20.0
0.0,20.0,0.0,0.0,20.0,0.0,20.0,0.0
20.0,0.0,0.0,20.0,0.0,0.0,20.0,20.0
20.0,0.0,0.0,0.0,0.0,0.0,0.0,20.0
0.0,20.0,0.0,0.0,0.0,0.0,0.0,0.0
0.0,20.0,0.0,0.0,0.0,20.0,0.0,0.0
20.0,0.0,0.0,20.0,0.0,0.0,0.0,0.0
20.0,0.0,0.0,20.0,0.0,0.0,0.0,20.0
20.0,0.0,20.0,0.0,20.0,0.0,0.0,0.0
0.0,0.0,0.0,0.0,0.0,0.0,20.0,20.0
0.0,20.0,0.0,20.0,20.0,0.0,0.0,20.0
0.0,20.0,0.0,0.0,0.0,0.0,20.0,0.0
0.0,20.0,20.0,0.0,0.0,20.0,0.0,0.0
0.0,20.0,0.0,0.0,20.0,0.0,0.0,0.0
0.0,0.0,0.0,0.0,0.0,0.0,20.0,0.0
20.0,0.0,20.0,20.0,20.0,0.0,0.0,0.0
0.0,20.0,0.0,0.0,0.0,0.0,0.0,0.0
20.0,0.0,0.0,20.0,0.0,0.0,0.0,20.0
0.0,20.0,20.0,20.0,0.0,0.0,0.0,0.0
0.0,20.0,0.0,20.0,0.0,20.0,0.0,20.0
0.0,0.0,0.0,0.0,0.0,0.0,0.0,20.0
0.0,20.0,20.0,0.0,0.0,0.0,0.0,0.0
0.0,20.0,0.0,0.0,0.0,0.0,20.0,0.0
0.0,20.0,0.0,0.0,0.0,0.0,20.0,0.0
20.0,0.0,20.0,0.0,0.0,0.0,0.0,0.0
20.0,0.0,0.0,0.0,20.0,0.0,0.0,20.0
0.0,20.0,20.0,20.0,0.0,20.0,0.0,0.0
20.0,0.0,0.0,0.0,20.0,20.0,0.0,0.0
0.0,0.0,0.0,20.0,0.0,0.0,0.0,0.0
20.0,20.0,20.0,20.0,0.0,0.0,0.0,0.0
0.0,0.0,20.0,0.0,0.0,0.0,0.0,0.0
20.0,20.0,20.0,0.0,20.0,0.0,20.0,0.0
0.0,20.0,20.0,20.0,0.0,0.0,0.0,0.0
0.0,20.0,0.0,20.0,0.0,0.0,0.0,0.0
0.0,0.0,0.0,0.0,0.0,0.0,20.0,0.0
0.0,20.0,0.0,0.0,0.0,20.0,0.0,20.0
20.0,20.0,0.0,20.0,0.0,0.0,0.0,0.0
20.0,0.0,20.0,20.0,0.0,0.0,0.0,0.0
0.0,20.0,0.0,20.0,0.0,0.0,0.0,0.0
20.0,0.0,0.0,0.0,0.0,0.0,0.0,0.0
20.0,0.0,0.0,0.0,0.0,0.0,20.0,0.0
0.0,0.0,20.0,0.0,0.0,20.0,0.0,0.0
0.0,0.0,0.0,20.0,20.0,0.0,0.0,20.0
20.0,0.0,20.0,0.0,0.0,20.0,0.0,0.0
0.0,0.0,0.0,0.0,20.0,0.0,0.0,0.0
0.0,0.0,0.0,0.0,0.0,0.0,0.0,0.0
20.0,0.0,20.0,0.0,0.0,0.0,20.0,0.0
0.0,0.0,0.0,20.0,0.0,0.0,0.0,20.0
20.0,20.0,20.0,0.0,0.0,0.0,20.0,0.0
0.0,0.0,0.0,20.0,20.0,0.0,20.0,0.0
20.0,0.0,20.0,0.0,0.0,0.0,20.0,0.0
0.0,0.0,0.0,0.0,0.0,0.0,0.0,20.0
20.0,0.0,20.0,20.0,0.0,0.0,70.0,0.0
20.0,0.0,0.0,0.0,20.0,0.0,0.0,0.0
20.0,0.0,0.0,20.0,20.0,20.0,0.0,0.0
20.0,0.0,0.0,0.0,20.0,0.0,20.0,0.0
0.0,20.0,0.0,0.0,20.0,0.0,0.0,0.0
0.0,20.0,0.0,20.0,20.0,0.0,20.0,20.0
20.0,0.0,20.0,20.0,20.0,0.0,0.0,20.0
0.0,0.0,0.0,0.0,0.0,0.0,20.0,0.0
0.0,20.0,0.0,0.0,20.0,0.0,0.0,0.0
0.0,0.0,20.0,0.0,20.0,0.0,0.0,0.0
0.0,0.0,0.0,20.0,0.0,0.0,20.0,0.0
20.0,0.0,20.0,20.0,0.0,0.0,20.0,0.0
0.0,0.0,20.0,20.0,0.0,0.0,0.0,20.0
20.0,0.0,20.0,20.0,20.0,0.0,0.0,0.0
0.0,20.0,0.0,0.0,20.0,20.0,20.0,0.0
20.0,20.0,20.0,20.0,20.0,20.0,0.0,20.0
0.0,0.0,0.0,0.0,0.0,20.0,20.0,0.0
20.0,0.0,0.0,20.0,0.0,0.0,0.0,0.0
0.0,0.0,0.0,0.0,0.0,0.0,20.0,0.0
0.0,0.0,0.0,20.0,20.0,20.0,20.0,0.0
20.0,20.0,20.0,0.0,0.0,0.0,20.0,0.0
0.0,0.0,0.0,0.0,0.0,0.0,0.0,20.0
0.0,0.0,20.0,20.0,20.0,0.0,0.0,0.0
0.0,20.0,0.0,0.0,20.0,0.0,0.0,20.0
0.0,0.0,0.0,20.0,0.0,0.0,0.0,0.0
0.0,0.0,20.0,20.0,0.0,20.0,0.0,20.0
0.0,0.0,20.0,20.0,0.0,0.0,0.0,0.0
0.0,0.0,0.0,20.0,20.0,20.0,0.0,20.0
0.0,20.0,0.0,0.0,0.0,0.0,0.0,0.0
0.0,0.0,0.0,0.0,0.0,0.0,0.0,20.0
0.0,20.0,20.0,0.0,0.0,0.0,0.0,0.0
20.0,20.0,20.0,0.0,0.0,0.0,20.0,20.0
0.0,0.0,0.0,0.0,0.0,0.0,20.0,20.0
0.0,20.0,20.0,0.0,0.0,0.0,0.0,0.0
0.0,20.0,20.0,0.0,0.0,20.0,20.0,20.0
20.0,0.0,0.0,20.0,0.0,0.0,0.0,20.0
20.0,20.0,0.0,20.0,20.0,0.0,0.0,20.0
20.0,20.0,0.0,0.0,0.0,0.0,0.0,20.0
0.0,0.0,20.0,0.0,0.0,0.0,0.0,0.0
0.0,20.0,0.0,0.0,0.0,20.0,0.0,0.0
0.0,0.0,0.0,0.0,0.0,20.0,0.0,20.0
20.0,20.0,0.0,0.0,0.0,20.0,0.0,0.0
0.0,0.0,0.0,20.0,20.0,0.0,0.0,20.0
20.0,20.0,20.0,0.0,0.0,0.0,0.0,20.0
0.0,20.0,20.0,0.0,0.0,0.0,20.0,20.0
0.0,20.0,0.0,0.0,20.0,20.0,0.0,0.0
20.0,0.0,20.0,0.0,0.0,0.0,0.0,0.0
0.0,20.0,0.0,0.0,0.0,20.0,0.0,20.0
0.0,0.0,0.0,20.0,20.0,20.0,0.0,20.0
0.0,20.0,20.0,20.0,0.0,20.0,0.0,0.0
20.0,20.0,20.0,20.0,20.0,0.0,20.0,0.0
20.0,0.0,0.0,0.0,20.0,0.0,0.0,20.0
0.0,0.0,0.0,20.0,0.0,0.0,20.0,0.0
0.0,0.0,20.0,20.0,20.0,0.0,0.0,0.0
20.0,0.0,20.0,0.0,20.0,0.0,70.0,20.0
0.0,0.0,20.0,20.0,0.0,20.0,70.0,0.0
0.0,0.0,0.0,0.0,20.0,0.0,0.0,20.0
0.0,0.0,20.0,20.0,20.0,0.0,0.0,20.0
0.0,0.0,0.0,20.0,20.0,0.0,0.0,0.0
20.0,0.0,0.0,0.0,20.0,0.0,0.0,20.0
20.0,0.0,20.0,20.0,0.0,20.0,20.0,20.0
0.0,20.0,0.0,0.0,0.0,0.0,0.0,0.0
0.0,0.0,0.0,0.0,0.0,0.0,0.0,0.0
0.0,20.0,20.0,20.0,20.0,0.0,0.0,0.0
20.0,0.0,0.0,0.0,0.0,20.0,0.0,0.0
0.0,0.0,0.0,0.0,20.0,0.0,20.0,20.0
0.0,20.0,0.0,0.0,20.0,0.0,0.0,0.0
0.0,0.0,20.0,0.0,0.0,20.0,0.0,0.0
20.0,0.0,20.0,0.0,0.0,20.0,0.0,20.0
0.0,0.0,0.0,0.0,0.0,0.0,0.0,0.0
20.0,0.0,20.0,0.0,20.0,0.0,0.0,20.0
20.0,20.0,0.0,0.0,20.0,0.0,20.0,0.0
0.0,0.0,0.0,20.0,20.0,0.0,0.0,0.0
0.0,0.0,20.0,20.0,20.0,0.0,0.0,20.0
0.0,0.0,20.0,20.0,0.0,0.0,0.0,0.0
0.0,0.0,0.0,0.0,0.0,0.0,20.0,20.0
0.0,0.0,0.0,20.0,0.0,20.0,0.0,0.0
0.0,20.0,0.0,0.0,20.0,0.0,0.0,20.0
20.0,0.0,20.0,0.0,0.0,0.0,0.0,0.0
0.0,0.0,0.0,20.0,20.0,0.0,0.0,0.0
20.0,20.0,0.0,20.0,0.0,0.0,20.0,0.0
20.0,0.0,0.0,0.0,20.0,20.0,20.0,0.0
0.0,20.0,0.0,20.0,20.0,20.0,20.0,20.0
20.0,0.0,0.0,0.0,20.0,20.0,20.0,20.0
0.0,0.0,20.0,20.0,20.0,0.0,0.0,20.0
0.0,0.0,20.0,0.0,20.0,20.0,0.0,0.0
0.0,20.0,0.0,0.0,0.0,0.0,20.0,0.0
0.0,20.0,20.0,0.0,20.0,0.0,0.0,0.0
20.0,0.0,0.0,20.0,20.0,0.0,20.0,0.0
20.0,0.0,0.0,20.0,0.0,0.0,20.0,20.0
0.0,20.0,20.0,20.0,0.0,0.0,20.0,0.0
20.0,20.0,20.0,0.0,0.0,20.0,0.0,0.0
20.0,20.0,20.0,20.0,0.0,0.0,20.0,0.0
0.0,20.0,0.0,0.0,0.0,20.0,0.0,0.0
0.0,20.0,0.0,20.0,0.0,20.0,20.0,0.0
20.0,20.0,0.0,0.0,0.0,20.0,0.0,0.0
0.0,20.0,0.0,20.0,20.0,0.0,70.0,20.0
20.0,0.0,0.0,20.0,0.0,20.0,20.0,70.0
0.0,20.0,0.0,20.0,20.0,0.0,0.0,20.0
0.0,0.0,20.0,0.0,0.0,0.0,0.0,0.0
0.0,0.0,0.0,0.0,20.0,20.0,0.0,20.0
20.0,20.0,0.0,20.0,0.0,20.0,0.0,20.0
0.0,0.0,0.0,20.0,20.0,0.0,20.0,0.0
0.0,0.0,0.0,0.0,0.0,20.0,0.0,0.0
0.0,0.0,0.0,20.0,0.0,20.0,0.0,0.0
0.0,20.0,0.0,20.0,0.0,0.0,0.0,20.0
0.0,20.0,0.0,0.0,0.0,0.0,20.0,0.0
0.0,0.0,0.0,0.0,0.0,0.0,20.0,20.0
0.0,0.0,0.0,20.0,0.0,20.0,0.0,0.0
0.0,20.0,20.0,0.0,0.0,20.0,0.0,0.0
0.0,0.0,0.0,20.0,0.0,20.0,0.0,0.0
20.0,20.0,0.0,20.0,0.0,0.0,0.0,20.0
0.0,20.0,0.0,20.0,20.0,0.0,20.0,20.0
0.0,0.0,0.0,20.0,20.0,20.0,20.0,70.0
0.0,0.0,20.0,20.0,70.0,20.0,0.0,0.0
0.0,0.0,20.0,0.0,0.0,20.0,20.0,0.0
20.0,0.0,0.0,0.0,0.0,0.0,0.0,0.0
0.0,0.0,20.0,0.0,0.0,20.0,0.0,0.0
20.0,0.0,0.0,0.0,0.0,0.0,0.0,0.0
20.0,0.0,0.0,0.0,0.0,20.0,0.0,0.0
0.0,20.0,0.0,20.0,20.0,0.0,0.0,20.0
20.0,0.0,0.0,0.0,20.0,20.0,20.0,0.0
20.0,0.0,20.0,20.0,0.0,0.0,0.0,0.0
0.0,0.0,0.0,20.0,20.0,70.0,20.0,0.0
0.0,20.0,20.0,20.0,0.0,0.0,20.0,0.0
0.0,20.0,0.0,20.0,0.0,0.0,0.0,20.0
0.0,0.0,20.0,0.0,0.0,20.0,0.0,0.0
0.0,0.0,0.0,0.0,0.0,0.0,20.0,20.0
0.0,0.0,0.0,20.0,0.0,0.0,0.0,20.0
20.0,0.0,20.0,0.0,0.0,0.0,0.0,0.0
0.0,20.0,0.0,0.0,0.0,0.0,0.0,0.0
0.0,0.0,0.0,0.0,0.0,0.0,0.0,0.0
0.0,0.0,0.0,0.0,0.0,20.0,0.0,0.0
20.0,20.0,0.0,0.0,20.0,0.0,0.0,0.0
20.0,20.0,0.0,0.0,20.0,20.0,0.0,0.0
20.0,20.0,0.0,20.0,20.0,20.0,0.0,20.0
20.0,0.0,0.0,20.0,0.0,20.0,0.0,20.0
20.0,0.0,0.0,0.0,0.0,0.0,0.0,20.0
0.0,20.0,0.0,0.0,20.0,20.0,0.0,0.0
0.0,0.0,0.0,0.0,0.0,20.0,20.0,20.0
0.0,20.0,20.0,0.0,20.0,0.0,0.0,0.0
20.0,20.0,20.0,20.0,0.0,0.0,0.0,0.0
0.0,0.0,0.0,20.0,0.0,0.0,20.0,20.0
0.0,0.0,0.0,0.0,0.0,20.0,0.0,20.0
0.0,0.0,20.0,0.0,0.0,0.0,20.0,0.0
0.0,0.0,0.0,20.0,0.0,20.0,20.0,0.0
20.0,20.0,0.0,0.0,0.0,20.0,0.0,20.0
0.0,0.0,20.0,0.0,0.0,0.0,20.0,0.0
0.0,0.0,0.0,20.0,20.0,0.0,0.0,20.0
0.0,0.0,0.0,20.0,0.0,20.0,0.0,20.0
0.0,20.0,20.0,0.0,70.0,20.0,0.0,0.0
0.0,0.0,0.0,0.0,0.0,0.0,20.0,0.0
0.0,20.0,20.0,20.0,0.0,0.0,0.0,0.0
20.0,20.0,0.0,20.0,0.0,0.0,20.0,0.0
0.0,20.0,0.0,0.0,0.0,0.0,20.0,0.0
0.0,20.0,20.0,0.0,20.0,0.0,0.0,0.0
20.0,0.0,0.0,20.0,0.0,20.0,0.0,0.0
0.0,0.0,0.0,0.0,0.0,0.0,0.0,20.0
0.0,0.0,20.0,0.0,0.0,0.0,0.0,20.0
0.0,20.0,0.0,0.0,20.0,0.0,0.0,0.0
0.0,20.0,0.0,20.0,0.0,20.0,20.0,20.0
0.0,0.0,20.0,0.0,20.0,0.0,20.0,20.0
0.0,0.0,0.0,0.0,0.0,20.0,0.0,20.0
0.0,0.0,20.0,0.0,0.0,0.0,0.0,0.0
20.0,0.0,0.0,0.0,20.0,0.0,20.0,0.0
20.0,20.0,0.0,0.0,0.0,20.0,0.0,0.0
0.0,0.0,0.0,0.0,0.0,0.0,0.0,0.0
0.0,0.0,20.0,20.0,0.0,0.0,0.0,0.0
0.0,20.0,20.0,20.0,20.0,0.0,20.0,0.0
0.0,20.0,0.0,20.0,70.0,0.0,20.0,0.0
20.0,0.0,0.0,0.0,0.0,20.0,0.0,0.0
20.0,0.0,0.0,20.0,0.0,0.0,20.0,0.0
20.0,20.0,0.0,20.0,0.0,0.0,20.0,20.0
0.0,0.0,20.0,20.0,0.0,0.0,0.0,0.0
0.0,20.0,0.0,0.0,0.0,0.0,20.0,0.0
20.0,0.0,0.0,0.0,70.0,0.0,20.0,20.0
0.0,0.0,0.0,20.0,0.0,20.0,0.0,0.0
0.0,0.0,0.0,20.0,0.0,0.0,0.0,20.0
20.0,20.0,0.0,20.0,0.0,0.0,0.0,0.0
20.0,0.0,0.0,0.0,70.0,20.0,0.0,0.0
20.0,20.0,0.0,20.0,20.0,0.0,0.0,20.0
0.0,0.0,20.0,0.0,20.0,0.0,20.0,20.0
0.0,20.0,20.0,0.0,0.0,0.0,0.0,0.0
20.0,20.0,20.0,0.0,20.0,0.0,0.0,0.0
20.0,0.0,0.0,0.0,0.0,0.0,0.0,0.0
20.0,0.0,0.0,20.0,0.0,0.0,0.0,20.0
20.0,0.0,0.0,20.0,0.0,0.0,20.0,0.0
20.0,20.0,20.0,20.0,0.0,0.0,0.0,0.0
0.0,0.0,0.0,20.0,20.0,0.0,0.0,0.0
0.0,0.0,0.0,0.0,20.0,0.0,0.0,0.0
20.0,0.0,0.0,20.0,70.0,0.0,0.0,0.0
20.0,0.0,0.0,0.0,0.0,20.0,0.0,20.0
20.0,0.0,0.0,0.0,20.0,0.0,0.0,0.0
20.0,0.0,0.0,0.0,0.0,0.0,20.0,20.0
0.0,0.0,20.0,0.0,0.0,0.0,0.0,20.0
20.0,0.0,20.0,20.0,0.0,0.0,0.0,0.0
0.0,0.0,0.0,0.0,20.0,0.0,0.0,20.0
20.0,0.0,20.0,0.0,0.0,20.0,0.0,20.0
0.0,0.0,0.0,0.0,0.0,0.0,20.0,20.0
0.0,0.0,20.0,20.0,20.0,20.0,0.0,20.0
0.0,0.0,0.0,20.0,0.0,0.0,70.0,0.0
0.0,0.0,0.0,0.0,20.0,0.0,0.0,0.0
20.0,0.0,0.0,0.0,20.0,0.0,0.0,0.0
20.0,0.0,20.0,20.0,0.0,0.0,0.0,20.0
20.0,0.0,20.0,0.0,20.0,0.0,0.0,20.0
20.0,0.0,20.0,0.0,0.0,0.0,0.0,0.0
20.0,0.0,0.0,20.0,0.0,20.0,0.0,0.0
0.0,0.0,20.0,20.0,0.0,20.0,20.0,20.0
0.0,0.0,0.0,20.0,0.0,0.0,0.0,0.0
20.0,0.0,0.0,20.0,20.0,0.0,20.0,0.0
20.0,0.0,0.0,0.0,0.0,0.0,20.0,0.0
0.0,20.0,0.0,20.0,0.0,0.0,0.0,0.0
0.0,0.0,20.0,20.0,0.0,0.0,0.0,0.0
0.0,0.0,0.0,20.0,20.0,0.0,0.0,20.0
20.0,0.0,0.0,20.0,20.0,0.0,0.0,20.0
0.0,0.0,20.0,20.0,20.0,20.0,0.0,20.0
0.0,20.0,20.0,20.0,0.0,0.0,20.0,20.0
0.0,0.0,0.0,0.0,20.0,20.0,0.0,0.0
0.0,0.0,20.0,20.0,0.0,0.0,0.0,0.0
20.0,0.0,20.0,0.0,0.0,0.0,0.0,20.0
20.0,0.0,0.0,20.0,0.0,0.0,0.0,20.0
0.0,20.0,0.0,0.0,20.0,20.0,0.0,0.0
0.0,0.0,0.0,20.0,20.0,20.0,0.0,20.0
20.0,0.0,20.0,20.0,0.0,0.0,0.0,0.0
20.0,0.0,20.0,20.0,0.0,0.0,70.0,0.0
20.0,0.0,0.0,20.0,0.0,0.0,0.0,20.0
0.0,0.0,0.0,20.0,20.0,0.0,20.0,20.0
20.0,0.0,0.0,20.0,70.0,0.0,0.0,20.0
0.0,20.0,0.0,20.0,0.0,0.0,0.0,0.0
20.0,20.0,20.0,0.0,70.0,20.0,20.0,20.0
20.0,0.0,0.0,20.0,70.0,20.0,20.0,0.0
20.0,0.0,20.0,0.0,70.0,0.0,0.0,20.0
0.0,0.0,20.0,0.0,0.0,0.0,70.0,0.0
0.0,0.0,70.0,20.0,0.0,0.0,0.0,20.0
20.0,20.0,0.0,0.0,0.0,0.0,20.0,20.0
0.0,20.0,20.0,0.0,20.0,20.0,0.0,20.0
20.0,0.0,0.0,0.0,0.0,0.0,20.0,20.0
0.0,20.0,0.0,20.0,0.0,0.0,0.0,20.0
0.0,20.0,20.0,0.0,70.0,0.0,0.0,0.0
0.0,0.0,0.0,0.0,0.0,0.0,0.0,20.0
0.0,20.0,0.0,20.0,0.0,20.0,20.0,0.0
20.0,0.0,20.0,20.0,0.0,0.0,0.0,20.0
0.0,0.0,0.0,20.0,70.0,20.0,0.0,20.0
20.0,0.0,0.0,20.0,0.0,0.0,0.0,20.0
0.0,20.0,20.0,0.0,0.0,20.0,0.0,0.0
0.0,0.0,20.0,0.0,20.0,20.0,0.0,0.0
20.0,0.0,0.0,20.0,70.0,0.0,0.0,20.0
20.0,20.0,0.0,0.0,0.0,0.0,0.0,0.0
0.0,0.0,0.0,0.0,0.0,20.0,20.0,0.0
20.0,0.0,20.0,0.0,20.0,0.0,20.0,0.0
0.0,20.0,0.0,20.0,0.0,0.0,0.0,0.0
0.0,0.0,0.0,20.0,0.0,0.0,0.0,20.0
0.0,20.0,20.0,0.0,0.0,20.0,0.0,20.0
20.0,20.0,20.0,20.0,0.0,0.0,0.0,20.0
20.0,20.0,0.0,20.0,0.0,0.0,0.0,20.0
20.0,0.0,0.0,20.0,0.0,20.0,0.0,20.0
20.0,0.0,0.0,0.0,0.0,0.0,0.0,0.0
20.0,20.0,0.0,20.0,0.0,20.0,0.0,20.0
0.0,0.0,0.0,20.0,0.0,0.0,0.0,20.0
0.0,0.0,0.0,20.0,0.0,20.0,0.0,20.0
20.0,0.0,20.0,20.0,0.0,0.0,0.0,20.0
0.0,0.0,0.0,0.0,20.0,0.0,20.0,0.0
0.0,0.0,0.0,20.0,70.0,0.0,20.0,20.0
0.0,0.0,20.0,20.0,0.0,20.0,0.0,0.0
0.0,20.0,0.0,0.0,0.0,0.0,0.0,20.0
0.0,0.0,0.0,20.0,0.0,0.0,20.0,20.0
20.0,0.0,0.0,20.0,20.0,0.0,0.0,0.0
0.0,0.0,0.0,0.0,0.0,0.0,0.0,20.0
20.0,0.0,20.0,0.0,20.0,0.0,0.0,0.0
0.0,20.0,20.0,0.0,0.0,0.0,0.0,20.0
0.0,20.0,0.0,20.0,70.0,20.0,0.0,20.0
0.0,0.0,0.0,20.0,0.0,20.0,0.0,0.0
20.0,0.0,0.0,0.0,0.0,20.0,0.0,0.0
20.0,0.0,0.0,20.0,70.0,20.0,0.0,0.0
0.0,0.0,0.0,0.0,0.0,0.0,20.0,0.0
20.0,0.0,20.0,20.0,20.0,0.0,0.0,0.0
20.0,0.0,0.0,20.0,0.0,0.0,20.0,0.0
0.0,0.0,0.0,0.0,0.0,0.0,0.0,0.0
20.0,0.0,20.0,20.0,20.0,0.0,0.0,20.0
0.0,20.0,0.0,20.0,70.0,20.0,0.0,0.0
20.0,20.0,20.0,20.0,20.0,20.0,0.0,0.0
0.0,20.0,20.0,0.0,0.0,20.0,20.0,0.0
20.0,20.0,20.0,20.0,0.0,0.0,20.0,0.0
0.0,0.0,20.0,20.0,70.0,0.0,0.0,0.0
0.0,20.0,0.0,20.0,0.0,0.0,0.0,0.0
0.0,20.0,0.0,20.0,20.0,0.0,0.0,0.0
0.0,0.0,0.0,20.0,70.0,20.0,0.0,20.0
20.0,20.0,20.0,0.0,0.0,0.0,0.0,0.0
20.0,0.0,0.0,20.0,0.0,0.0,70.0,20.0
0.0,20.0,0.0,0.0,0.0,0.0,0.0,0.0
0.0,0.0,0.0,20.0,0.0,0.0,0.0,20.0
20.0,20.0,20.0,0.0,0.0,0.0,0.0,0.0
0.0,20.0,0.0,0.0,0.0,0.0,70.0,0.0
0.0,20.0,20.0,20.0,0.0,0.0,20.0,20.0
20.0,20.0,0.0,20.0,0.0,20.0,20.0,20.0
20.0,20.0,20.0,0.0,0.0,20.0,0.0,20.0
20.0,20.0,0.0,20.0,0.0,20.0,20.0,20.0
0.0,20.0,0.0,0.0,70.0,0.0,0.0,0.0
20.0,20.0,20.0,20.0,0.0,0.0,0.0,20.0
20.0,20.0,20.0,20.0,0.0,0.0,0.0,0.0
20.0,0.0,0.0,70.0,0.0,0.0,20.0,20.0
0.0,0.0,20.0,0.0,70.0,20.0,0.0,20.0
0.0,0.0,20.0,20.0,0.0,0.0,0.0,20.0
70.0,0.0,20.0,0.0,20.0,0.0,0.0,20.0
0.0,0.0,0.0,20.0,70.0,20.0,0.0,20.0
0.0,20.0,0.0,0.0,70.0,0.0,20.0,0.0
0.0,20.0,20.0,0.0,70.0,0.0,0.0,0.0
20.0,20.0,20.0,0.0,70.0,0.0,0.0,0.0
20.0,20.0,20.0,0.0,0.0,20.0,0.0,0.0
20.0,0.0,0.0,20.0,0.0,0.0,0.0,0.0
0.0,0.0,20.0,20.0,0.0,20.0,20.0,20.0
20.0,20.0,20.0,20.0,70.0,0.0,0.0,20.0
0.0,20.0,20.0,0.0,0.0,0.0,20.0,0.0
0.0,0.0,20.0,0.0,20.0,20.0,20.0,0.0
0.0,0.0,0.0,20.0,0.0,0.0,0.0,0.0
0.0,20.0,0.0,0.0,0.0,20.0,0.0,20.0
20.0,20.0,20.0,0.0,20.0,20.0,0.0,20.0
0.0,0.0,0.0,20.0,70.0,0.0,0.0,20.0
20.0,20.0,0.0,20.0,0.0,0.0,0.0,0.0
0.0,0.0,20.0,0.0,0.0,20.0,20.0,20.0
20.0,20.0,20.0,20.0,70.0,0.0,20.0,20.0
0.0,0.0,20.0,70.0,0.0,0.0,0.0,0.0
20.0,0.0,0.0,0.0,70.0,0.0,20.0,0.0
20.0,0.0,20.0,20.0,0.0,20.0,20.0,0.0
20.0,0.0,0.0,20.0,0.0,20.0,0.0,20.0
20.0,20.0,20.0,20.0,0.0,20.0,0.0,20.0
0.0,0.0,0.0,20.0,70.0,0.0,0.0,0.0
0.0,0.0,0.0,0.0,70.0,0.0,0.0,0.0
0.0,0.0,0.0,0.0,0.0,0.0,0.0,0.0
20.0,0.0,0.0,0.0,0.0,0.0,20.0,20.0
0.0,0.0,20.0,20.0,70.0,20.0,20.0,20.0
20.0,0.0,20.0,20.0,70.0,0.0,0.0,0.0
0.0,20.0,20.0,20.0,0.0,0.0,0.0,0.0
20.0,20.0,0.0,20.0,20.0,20.0,70.0,0.0
0.0,0.0,20.0,20.0,0.0,20.0,0.0,0.0
0.0,20.0,20.0,20.0,20.0,20.0,0.0,20.0
20.0,0.0,20.0,20.0,0.0,20.0,20.0,20.0
0.0,0.0,0.0,0.0,70.0,0.0,70.0,20.0
0.0,0.0,0.0,0.0,0.0,0.0,20.0,0.0
0.0,0.0,0.0,0.0,0.0,0.0,0.0,0.0
20.0,0.0,0.0,20.0,70.0,0.0,0.0,20.0
0.0,0.0,0.0,20.0,70.0,0.0,20.0,0.0
0.0,0.0,0.0,0.0,0.0,20.0,70.0,0.0
20.0,0.0,20.0,0.0,0.0,0.0,0.0,0.0
0.0,0.0,0.0,20.0,70.0,0.0,0.0,0.0
20.0,0.0,0.0,0.0,70.0,0.0,20.0,20.0
0.0,0.0,0.0,0.0,0.0,20.0,0.0,0.0
20.0,20.0,0.0,0.0,0.0,20.0,0.0,0.0
0.0,0.0,20.0,20.0,0.0,20.0,20.0,0.0
0.0,0.0,0.0,70.0,70.0,20.0,0.0,20.0
0.0,20.0,0.0,0.0,0.0,20.0,0.0,20.0
0.0,0.0,20.0,0.0,0.0,0.0,20.0,20.0
0.0,20.0,0.0,20.0,20.0,0.0,0.0,20.0
0.0,0.0,0.0,20.0,70.0,20.0,0.0,0.0
0.0,20.0,20.0,0.0,0.0,0.0,0.0,0.0
0.0,0.0,0.0,20.0,0.0,20.0,0.0,0.0
0.0,0.0,0.0,0.0,20.0,0.0,0.0,0.0
0.0,20.0,20.0,70.0,0.0,20.0,0.0,20.0
20.0,0.0,0.0,20.0,0.0,0.0,20.0,0.0
0.0,0.0,20.0,20.0,20.0,0.0,0.0,20.0
20.0,0.0,20.0,0.0,20.0,20.0,0.0,20.0
20.0,0.0,0.0,20.0,20.0,20.0,20.0,20.0
0.0,20.0,0.0,20.0,0.0,0.0,20.0,20.0
0.0,20.0,0.0,20.0,0.0,0.0,0.0,0.0
20.0,0.0,0.0,0.0,0.0,0.0,0.0,0.0
20.0,20.0,0.0,70.0,20.0,0.0,0.0,0.0
0.0,0.0,0.0,0.0,70.0,20.0,0.0,0.0
0.0,0.0,20.0,20.0,0.0,0.0,0.0,0.0
0.0,0.0,20.0,0.0,70.0,0.0,0.0,20.0
0.0,20.0,0.0,0.0,0.0,0.0,0.0,20.0
20.0,0.0,0.0,0.0,0.0,0.0,0.0,0.0
20.0,0.0,0.0,0.0,0.0,20.0,0.0,20.0
0.0,0.0,20.0,20.0,0.0,0.0,0.0,20.0
20.0,20.0,0.0,0.0,0.0,20.0,0.0,20.0
20.0,20.0,0.0,0.0,0.0,20.0,20.0,0.0
20.0,0.0,0.0,20.0,0.0,0.0,20.0,20.0
0.0,20.0,20.0,0.0,20.0,20.0,0.0,20.0
20.0,20.0,0.0,0.0,0.0,0.0,0.0,20.0
20.0,0.0,20.0,0.0,70.0,0.0,0.0,20.0
20.0,20.0,20.0,70.0,0.0,0.0,0.0,0.0
20.0,20.0,20.0,20.0,70.0,20.0,0.0,0.0
20.0,20.0,20.0,0.0,70.0,20.0,0.0,0.0
0.0,0.0,20.0,20.0,0.0,0.0,20.0,0.0
0.0,0.0,0.0,0.0,20.0,0.0,0.0,0.0
0.0,0.0,0.0,20.0,70.0,0.0,0.0,0.0
0.0,20.0,0.0,20.0,70.0,20.0,0.0,20.0
20.0,0.0,0.0,20.0,70.0,20.0,70.0,0.0
0.0,0.0,0.0,20.0,70.0,0.0,0.0,20.0
0.0,20.0,0.0,0.0,0.0,0.0,0.0,0.0
20.0,20.0,0.0,0.0,20.0,20.0,0.0,20.0
0.0,0.0,20.0,0.0,0.0,0.0,20.0,20.0
20.0,20.0,0.0,0.0,70.0,20.0,0.0,0.0
0.0,20.0,0.0,0.0,70.0,20.0,20.0,20.0
20.0,20.0,20.0,20.0,0.0,0.0,0.0,0.0
20.0,20.0,20.0,0.0,20.0,0.0,20.0,20.0
20.0,0.0,0.0,0.0,70.0,0.0,0.0,20.0
20.0,0.0,20.0,0.0,0.0,0.0,0.0,0.0
0.0,20.0,20.0,20.0,70.0,20.0,0.0,20.0
0.0,20.0,0.0,70.0,20.0,20.0,0.0,20.0
0.0,0.0,0.0,0.0,20.0,0.0,0.0,20.0
20.0,20.0,20.0,0.0,0.0,0.0,0.0,20.0
0.0,0.0,0.0,20.0,70.0,0.0,0.0,0.0
0.0,20.0,0.0,0.0,70.0,20.0,0.0,0.0
20.0,0.0,20.0,0.0,70.0,20.0,0.0,20.0
0.0,0.0,0.0,0.0,0.0,20.0,20.0,0.0
0.0,20.0,0.0,0.0,70.0,0.0,0.0,0.0
20.0,0.0,0.0,20.0,0.0,0.0,0.0,0.0
20.0,0.0,20.0,0.0,20.0,0.0,20.0,0.0
20.0,0.0,0.0,0.0,0.0,0.0,20.0,20.0
0.0,20.0,0.0,0.0,70.0,0.0,0.0,20.0
20.0,0.0,0.0,0.0,0.0,0.0,0.0,20.0
20.0,0.0,0.0,0.0,20.0,20.0,70.0,0.0
20.0,0.0,0.0,0.0,20.0,0.0,20.0,0.0
20.0,0.0,0.0,0.0,0.0,0.0,0.0,0.0
20.0,0.0,0.0,70.0,70.0,0.0,70.0,20.0
20.0,0.0,0.0,0.0,70.0,0.0,0.0,0.0
0.0,0.0,0.0,0.0,0.0,20.0,20.0,0.0
0.0,20.0,20.0,20.0,0.0,0.0,70.0,0.0
20.0,0.0,20.0,0.0,20.0,0.0,0.0,0.0
20.0,20.0,20.0,0.0,0.0,20.0,20.0,20.0
20.0,20.0,0.0,0.0,0.0,0.0,0.0,20.0
20.0,20.0,0.0,0.0,0.0,0.0,20.0,0.0
20.0,0.0,20.0,70.0,0.0,20.0,0.0,0.0
20.0,0.0,20.0,0.0,0.0,0.0,0.0,0.0
0.0,0.0,0.0,20.0,0.0,0.0,0.0,0.0
0.0,0.0,0.0,0.0,70.0,0.0,0.0,0.0
0.0,0.0,0.0,0.0,70.0,20.0,0.0,20.0
20.0,0.0,0.0,0.0,0.0,0.0,0.0,20.0
20.0,0.0,20.0,0.0,0.0,0.0,20.0,0.0
0.0,20.0,20.0,20.0,70.0,0.0,0.0,0.0
20.0,0.0,20.0,0.0,70.0,0.0,20.0,20.0
20.0,20.0,20.0,0.0,0.0,0.0,0.0,20.0
0.0,20.0,20.0,20.0,0.0,0.0,0.0,20.0
20.0,0.0,0.0,0.0,70.0,20.0,0.0,0.0
20.0,0.0,0.0,70.0,0.0,20.0,70.0,0.0
0.0,20.0,20.0,0.0,70.0,0.0,0.0,0.0
20.0,20.0,20.0,20.0,0.0,0.0,70.0,20.0
0.0,20.0,0.0,0.0,70.0,0.0,0.0,0.0
0.0,20.0,20.0,0.0,0.0,20.0,70.0,0.0
0.0,20.0,20.0,0.0,20.0,20.0,0.0,20.0
20.0,20.0,20.0,0.0,70.0,0.0,0.0,0.0
20.0,20.0,20.0,70.0,70.0,0.0,0.0,20.0
0.0,20.0,20.0,70.0,20.0,0.0,0.0,0.0
20.0,0.0,0.0,0.0,70.0,0.0,0.0,20.0
0.0,0.0,20.0,0.0,70.0,0.0,70.0,20.0
0.0,20.0,20.0,0.0,70.0,20.0,0.0,0.0
0.0,0.0,20.0,70.0,0.0,20.0,0.0,20.0
0.0,0.0,20.0,0.0,70.0,20.0,0.0,20.0
0.0,0.0,20.0,0.0,70.0,20.0,20.0,0.0
20.0,20.0,0.0,20.0,0.0,0.0,0.0,20.0
20.0,0.0,0.0,20.0,20.0,0.0,0.0,20.0
0.0,0.0,0.0,20.0,0.0,20.0,0.0,20.0
0.0,0.0,0.0,20.0,0.0,0.0,0.0,20.0
20.0,0.0,0.0,70.0,70.0,0.0,0.0,0.0
0.0,0.0,20.0,0.0,0.0,0.0,20.0,0.0
20.0,20.0,0.0,70.0,70.0,0.0,0.0,0.0
20.0,0.0,20.0,0.0,0.0,20.0,0.0,20.0
20.0,20.0,0.0,20.0,20.0,0.0,20.0,0.0
20.0,0.0,20.0,0.0,70.0,20.0,20.0,0.0
0.0,0.0,0.0,0.0,70.0,20.0,20.0,20.0
20.0,20.0,20.0,0.0,0.0,0.0,0.0,0.0
20.0,20.0,0.0,0.0,0.0,0.0,0.0,0.0
20.0,0.0,20.0,0.0,0.0,0.0,0.0,0.0
0.0,0.0,20.0,0.0,70.0,20.0,0.0,20.0
20.0,20.0,0.0,0.0,20.0,0.0,20.0,20.0
0.0,0.0,0.0,0.0,0.0,0.0,0.0,20.0
0.0,20.0,0.0,0.0,0.0,0.0,0.0,0.0
0.0,20.0,0.0,0.0,70.0,70.0,0.0,0.0
0.0,20.0,20.0,0.0,0.0,20.0,0.0,20.0
20.0,20.0,0.0,20.0,0.0,20.0,0.0,0.0
0.0,20.0,0.0,0.0,20.0,0.0,70.0,20.0
20.0,20.0,0.0,0.0,0.0,0.0,20.0,20.0
0.0,0.0,0.0,0.0,70.0,0.0,20.0,0.0
0.0,0.0,20.0,0.0,0.0,20.0,20.0,20.0
20.0,0.0,20.0,0.0,70.0,0.0,0.0,20.0
0.0,0.0,20.0,20.0,70.0,0.0,70.0,0.0
20.0,0.0,0.0,70.0,0.0,0.0,70.0,0.0
20.0,20.0,0.0,70.0,70.0,0.0,20.0,0.0
20.0,0.0,20.0,20.0,70.0,0.0,0.0,0.0
20.0,20.0,0.0,0.0,70.0,0.0,20.0,0.0
0.0,0.0,0.0,0.0,70.0,0.0,70.0,20.0
20.0,20.0,0.0,20.0,70.0,20.0,0.0,0.0
20.0,0.0,0.0,0.0,70.0,0.0,0.0,20.0
70.0,0.0,0.0,70.0,70.0,0.0,70.0,20.0
0.0,0.0,20.0,20.0,70.0,0.0,20.0,0.0
20.0,0.0,20.0,70.0,70.0,20.0,20.0,20.0
20.0,0.0,20.0,0.0,20.0,0.0,0.0,0.0
0.0,20.0,0.0,70.0,70.0,0.0,0.0,0.0
20.0,20.0,0.0,0.0,70.0,0.0,20.0,0.0
0.0,0.0,20.0,0.0,70.0,20.0,20.0,0.0
20.0,20.0,20.0,0.0,0.0,20.0,0.0,20.0
20.0,20.0,0.0,0.0,70.0,20.0,20.0,0.0
20.0,20.0,20.0,70.0,0.0,20.0,0.0,0.0
20.0,20.0,20.0,70.0,0.0,0.0,0.0,20.0
0.0,20.0,0.0,70.0,0.0,20.0,0.0,0.0
20.0,20.0,20.0,0.0,0.0,0.0,20.0,0.0
0.0,20.0,0.0,0.0,0.0,20.0,0.0,20.0
0.0,20.0,0.0,0.0,70.0,20.0,70.0,0.0
0.0,20.0,0.0,70.0,70.0,20.0,70.0,20.0
0.0,0.0,20.0,0.0,70.0,20.0,0.0,0.0
20.0,20.0,20.0,70.0,70.0,0.0,20.0,20.0
0.0,0.0,20.0,0.0,0.0,0.0,0.0,20.0
0.0,0.0,20.0,70.0,0.0,20.0,0.0,20.0
0.0,20.0,0.0,0.0,20.0,0.0,70.0,0.0
20.0,20.0,0.0,0.0,20.0,0.0,70.0,20.0
0.0,0.0,0.0,20.0,0.0,0.0,70.0,0.0
0.0,0.0,0.0,0.0,20.0,20.0,70.0,0.0
20.0,20.0,20.0,0.0,70.0,20.0,0.0,0.0
20.0,0.0,0.0,0.0,0.0,0.0,0.0,20.0
0.0,0.0,20.0,0.0,70.0,20.0,70.0,0.0
0.0,20.0,20.0,70.0,70.0,20.0,0.0,20.0
20.0,0.0,20.0,0.0,70.0,0.0,70.0,20.0
20.0,0.0,20.0,0.0,70.0,0.0,20.0,20.0
20.0,20.0,20.0,70.0,70.0,0.0,0.0,0.0
0.0,20.0,0.0,0.0,70.0,20.0,0.0,0.0
20.0,0.0,0.0,0.0,70.0,0.0,0.0,20.0
0.0,20.0,20.0,0.0,0.0,20.0,0.0,0.0
20.0,0.0,0.0,0.0,70.0,0.0,0.0,20.0
20.0,0.0,0.0,0.0,70.0,0.0,0.0,20.0
0.0,0.0,0.0,0.0,70.0,0.0,0.0,20.0
20.0,0.0,0.0,0.0,20.0,0.0,0.0,20.0
70.0,20.0,20.0,0.0,70.0,20.0,0.0,0.0
0.0,20.0,0.0,0.0,70.0,0.0,0.0,20.0
20.0,0.0,0.0,70.0,0.0,20.0,0.0,0.0
20.0,20.0,0.0,20.0,0.0,20.0,0.0,0.0
0.0,0.0,20.0,20.0,70.0,0.0,20.0,0.0
0.0,20.0,0.0,70.0,20.0,20.0,0.0,0.0
0.0,0.0,0.0,70.0,0.0,0.0,70.0,20.0
20.0,0.0,20.0,70.0,70.0,0.0,0.0,20.0
0.0,20.0,20.0,20.0,0.0,20.0,0.0,0.0
20.0,0.0,0.0,0.0,0.0,0.0,0.0,0.0
0.0,20.0,20.0,70.0,70.0,0.0,70.0,20.0
0.0,20.0,20.0,70.0,0.0,0.0,0.0,20.0
20.0,20.0,0.0,0.0,0.0,0.0,0.0,0.0
20.0,0.0,20.0,70.0,0.0,20.0,0.0,20.0
20.0,0.0,20.0,0.0,70.0,0.0,0.0,0.0
0.0,20.0,20.0,0.0,70.0,0.0,20.0,20.0
20.0,20.0,20.0,70.0,0.0,0.0,0.0,0.0
0.0,20.0,0.0,20.0,0.0,20.0,20.0,0.0
20.0,0.0,0.0,70.0,0.0,0.0,20.0,0.0
20.0,20.0,0.0,20.0,0.0,20.0,0.0,20.0
0.0,0.0,0.0,70.0,0.0,0.0,0.0,0.0
20.0,0.0,0.0,0.0,0.0,0.0,70.0,0.0
20.0,20.0,0.0,0.0,0.0,20.0,70.0,20.0
0.0,0.0,0.0,70.0,0.0,20.0,70.0,0.0
0.0,0.0,20.0,70.0,0.0,20.0,70.0,0.0
0.0,20.0,20.0,70.0,0.0,0.0,0.0,20.0
0.0,0.0,20.0,70.0,70.0,20.0,70.0,20.0
0.0,20.0,0.0,0.0,0.0,0.0,70.0,0.0
20.0,20.0,0.0,70.0,0.0,20.0,0.0,0.0
0.0,20.0,0.0,70.0,0.0,20.0,0.0,0.0
0.0,20.0,20.0,70.0,0.0,20.0,0.0,20.0
20.0,20.0,20.0,0.0,0.0,20.0,0.0,0.0
0.0,20.0,0.0,70.0,0.0,0.0,0.0,0.0
0.0,0.0,20.0,0.0,0.0,0.0,0.0,0.0
0.0,0.0,0.0,70.0,0.0,20.0,0.0,0.0
20.0,20.0,20.0,70.0,70.0,0.0,0.0,0.0
20.0,0.0,0.0,0.0,0.0,20.0,70.0,0.0
20.0,0.0,0.0,0.0,0.0,0.0,0.0,20.0
0.0,0.0,20.0,0.0,70.0,20.0,70.0,0.0
0.0,20.0,20.0,70.0,0.0,20.0,0.0,20.0
0.0,0.0,20.0,20.0,70.0,0.0,70.0,20.0
20.0,0.0,0.0,0.0,0.0,20.0,0.0,20.0
0.0,0.0,0.0,0.0,0.0,0.0,0.0,20.0
20.0,0.0,0.0,70.0,0.0,20.0,0.0,20.0
0.0,0.0,20.0,0.0,0.0,0.0,0.0,20.0
20.0,20.0,20.0,70.0,0.0,20.0,0.0,20.0
0.0,20.0,20.0,70.0,0.0,20.0,0.0,0.0
20.0,20.0,20.0,20.0,0.0,0.0,0.0,20.0
20.0,20.0,20.0,20.0,70.0,20.0,0.0,0.0
20.0,0.0,0.0,0.0,0.0,20.0,0.0,0.0
0.0,20.0,0.0,0.0,0.0,20.0,0.0,0.0
0.0,0.0,0.0,0.0,70.0,0.0,0.0,0.0
20.0,0.0,0.0,0.0,0.0,0.0,0.0,0.0
0.0,0.0,20.0,70.0,0.0,20.0,0.0,20.0
0.0,0.0,20.0,0.0,0.0,0.0,0.0,20.0
20.0,20.0,0.0,0.0,0.0,0.0,0.0,0.0
0.0,20.0,0.0,0.0,0.0,20.0,70.0,0.0
20.0,20.0,0.0,70.0,0.0,0.0,0.0,0.0
70.0,0.0,20.0,0.0,0.0,20.0,0.0,0.0
20.0,20.0,0.0,70.0,70.0,0.0,0.0,0.0
0.0,0.0,20.0,70.0,70.0,0.0,20.0,0.0
0.0,0.0,20.0,0.0,70.0,20.0,0.0,0.0
0.0,0.0,0.0,70.0,70.0,70.0,0.0,20.0
20.0,20.0,0.0,70.0,0.0,0.0,0.0,20.0
20.0,0.0,0.0,0.0,0.0,0.0,0.0,20.0
20.0,0.0,0.0,70.0,0.0,0.0,0.0,0.0
20.0,20.0,20.0,70.0,0.0,20.0,0.0,0.0
20.0,20.0,0.0,0.0,0.0,20.0,0.0,0.0
0.0,0.0,0.0,0.0,0.0,0.0,0.0,0.0
20.0,20.0,0.0,70.0,0.0,0.0,0.0,20.0
0.0,20.0,0.0,0.0,0.0,0.0,0.0,20.0
20.0,20.0,20.0,70.0,0.0,0.0,0.0,20.0
0.0,0.0,20.0,70.0,0.0,20.0,0.0,20.0
0.0,0.0,0.0,0.0,0.0,20.0,0.0,0.0
20.0,20.0,20.0,0.0,0.0,0.0,0.0,0.0
20.0,0.0,0.0,70.0,70.0,0.0,0.0,0.0
20.0,20.0,0.0,70.0,0.0,0.0,70.0,20.0
70.0,20.0,0.0,70.0,0.0,0.0,70.0,0.0
20.0,20.0,0.0,0.0,70.0,0.0,70.0,20.0
0.0,20.0,20.0,0.0,0.0,0.0,70.0,0.0
0.0,0.0,0.0,0.0,0.0,0.0,0.0,20.0
0.0,0.0,0.0,70.0,0.0,70.0,0.0,20.0
20.0,0.0,0.0,70.0,70.0,20.0,0.0,20.0
20.0,20.0,0.0,0.0,0.0,0.0,70.0,20.0
0.0,0.0,20.0,20.0,70.0,20.0,70.0,0.0
0.0,20.0,0.0,0.0,0.0,0.0,0.0,0.0
20.0,20.0,20.0,20.0,70.0,20.0,0.0,0.0
20.0,0.0,0.0,70.0,70.0,0.0,0.0,0.0
0.0,0.0,0.0,0.0,0.0,20.0,70.0,20.0
0.0,0.0,20.0,0.0,70.0,20.0,0.0,20.0
0.0,0.0,20.0,0.0,0.0,20.0,0.0,20.0
0.0,0.0,20.0,70.0,0.0,0.0,0.0,20.0
0.0,0.0,20.0,70.0,0.0,0.0,0.0,20.0
0.0,0.0,0.0,0.0,70.0,0.0,0.0,0.0
0.0,0.0,0.0,70.0,0.0,20.0,0.0,20.0
0.0,20.0,0.0,70.0,0.0,20.0,0.0,0.0
0.0,20.0,20.0,70.0,0.0,0.0,0.0,20.0
20.0,0.0,0.0,20.0,0.0,0.0,0.0,0.0
0.0,20.0,20.0,70.0,0.0,0.0,0.0,20.0
0.0,0.0,0.0,0.0,0.0,0.0,0.0,20.0
20.0,20.0,20.0,0.0,70.0,0.0,0.0,20.0
70.0,0.0,0.0,70.0,70.0,20.0,0.0,0.0
0.0,20.0,0.0,0.0,0.0,0.0,0.0,0.0
0.0,0.0,20.0,0.0,0.0,0.0,0.0,0.0
0.0,20.0,0.0,70.0,70.0,0.0,0.0,20.0
20.0,20.0,0.0,70.0,70.0,0.0,0.0,20.0
20.0,20.0,20.0,70.0,0.0,0.0,0.0,0.0
20.0,70.0,20.0,20.0,0.0,0.0,0.0,20.0
0.0,20.0,0.0,70.0,70.0,20.0,0.0,20.0
0.0,20.0,0.0,70.0,70.0,20.0,0.0,20.0
0.0,0.0,20.0,70.0,0.0,20.0,0.0,20.0
0.0,0.0,20.0,0.0,0.0,0.0,0.0,0.0
20.0,20.0,0.0,20.0,70.0,0.0,0.0,20.0
70.0,0.0,0.0,70.0,0.0,0.0,0.0,0.0
0.0,0.0,0.0,0.0,0.0,20.0,0.0,20.0
20.0,20.0,20.0,20.0,70.0,0.0,70.0,20.0
20.0,20.0,20.0,70.0,0.0,0.0,70.0,20.0
0.0,0.0,20.0,70.0,70.0,0.0,0.0,20.0
0.0,20.0,20.0,70.0,0.0,20.0,70.0,20.0
20.0,20.0,20.0,70.0,20.0,20.0,20.0,0.0
0.0,20.0,0.0,70.0,0.0,20.0,0.0,20.0
20.0,20.0,20.0,70.0,20.0,0.0,0.0,0.0
0.0,0.0,20.0,70.0,0.0,0.0,0.0,20.0
0.0,20.0,0.0,70.0,0.0,20.0,0.0,0.0
0.0,20.0,20.0,70.0,0.0,20.0,0.0,0.0
0.0,0.0,0.0,70.0,0.0,0.0,0.0,20.0
0.0,0.0,0.0,70.0,70.0,0.0,0.0,20.0
0.0,20.0,20.0,70.0,20.0,0.0,0.0,20.0
20.0,20.0,0.0,70.0,70.0,20.0,0.0,0.0
20.0,0.0,20.0,20.0,70.0,0.0,70.0,0.0
0.0,20.0,20.0,70.0,0.0,20.0,20.0,20.0
0.0,20.0,20.0,70.0,0.0,20.0,0.0,20.0
20.0,0.0,20.0,0.0,70.0,0.0,0.0,0.0
0.0,0.0,0.0,0.0,70.0,0.0,20.0,20.0
70.0,0.0,20.0,20.0,70.0,0.0,0.0,0.0
0.0,20.0,20.0,70.0,70.0,0.0,0.0,20.0
0.0,0.0,0.0,70.0,70.0,0.0,0.0,20.0
0.0,0.0,20.0,20.0,0.0,20.0,70.0,20.0
0.0,20.0,20.0,0.0,20.0,0.0,70.0,20.0
0.0,0.0,0.0,0.0,70.0,20.0,70.0,0.0
0.0,0.0,20.0,0.0,0.0,0.0,70.0,20.0
0.0,0.0,0.0,0.0,0.0,0.0,70.0,0.0
0.0,0.0,0.0,0.0,70.0,0.0,0.0,20.0
0.0,70.0,0.0,20.0,70.0,0.0,70.0,20.0
0.0,20.0,20.0,0.0,70.0,20.0,0.0,0.0
0.0,20.0,0.0,70.0,70.0,20.0,70.0,0.0
70.0,20.0,20.0,70.0,70.0,0.0,70.0,20.0
0.0,0.0,0.0,0.0,70.0,20.0,70.0,0.0
0.0,0.0,0.0,70.0,70.0,20.0,20.0,20.0
0.0,20.0,20.0,0.0,70.0,0.0,0.0,20.0
0.0,20.0,20.0,70.0,0.0,0.0,70.0,20.0
70.0,20.0,20.0,70.0,20.0,0.0,20.0,20.0
0.0,20.0,0.0,0.0,0.0,0.0,0.0,20.0
0.0,0.0,0.0,0.0,20.0,20.0,0.0,20.0
0.0,20.0,0.0,70.0,0.0,20.0,0.0,20.0
0.0,20.0,20.0,70.0,0.0,0.0,70.0,0.0
0.0,0.0,20.0,20.0,0.0,20.0,0.0,0.0
0.0,0.0,0.0,70.0,70.0,0.0,0.0,20.0
0.0,20.0,0.0,70.0,70.0,0.0,0.0,20.0
0.0,0.0,0.0,0.0,70.0,20.0,0.0,0.0
0.0,20.0,0.0,0.0,70.0,20.0,0.0,0.0
0.0,0.0,20.0,0.0,70.0,0.0,70.0,20.0
0.0,20.0,0.0,70.0,70.0,20.0,0.0,20.0
0.0,20.0,70.0,0.0,0.0,20.0,0.0,20.0
20.0,0.0,20.0,70.0,70.0,0.0,70.0,0.0
0.0,20.0,20.0,0.0,70.0,0.0,20.0,20.0
70.0,0.0,20.0,0.0,0.0,20.0,70.0,20.0
20.0,0.0,0.0,0.0,70.0,0.0,0.0,0.0
0.0,0.0,20.0,70.0,70.0,20.0,70.0,0.0
20.0,0.0,0.0,0.0,70.0,20.0,0.0,0.0
0.0,20.0,20.0,0.0,70.0,20.0,70.0,20.0
70.0,0.0,0.0,0.0,20.0,0.0,20.0,0.0
0.0,20.0,20.0,0.0,70.0,20.0,0.0,20.0
70.0,0.0,20.0,70.0,70.0,0.0,70.0,0.0
70.0,0.0,0.0,70.0,70.0,0.0,20.0,0.0
70.0,0.0,0.0,70.0,70.0,0.0,0.0,20.0
0.0,20.0,0.0,20.0,70.0,0.0,0.0,20.0
70.0,20.0,20.0,70.0,0.0,70.0,0.0,20.0
0.0,0.0,0.0,20.0,70.0,20.0,0.0,20.0
0.0,20.0,0.0,20.0,70.0,0.0,0.0,0.0
70.0,20.0,20.0,0.0,0.0,20.0,70.0,0.0
0.0,0.0,20.0,70.0,70.0,0.0,0.0,0.0
0.0,0.0,0.0,70.0,70.0,0.0,0.0,0.0
70.0,20.0,0.0,70.0,70.0,0.0,70.0,0.0
20.0,20.0,20.0,0.0,0.0,0.0,0.0,20.0
70.0,20.0,20.0,0.0,0.0,0.0,0.0,0.0
0.0,20.0,20.0,70.0,0.0,0.0,70.0,20.0
0.0,20.0,20.0,0.0,70.0,0.0,0.0,20.0
0.0,20.0,20.0,70.0,0.0,0.0,0.0,0.0
0.0,0.0,20.0,20.0,70.0,20.0,70.0,20.0
0.0,0.0,20.0,0.0,70.0,0.0,70.0,20.0
0.0,20.0,0.0,0.0,70.0,20.0,20.0,20.0
0.0,20.0,0.0,20.0,70.0,0.0,0.0,20.0
0.0,20.0,20.0,0.0,70.0,20.0,0.0,0.0
0.0,20.0,20.0,70.0,70.0,0.0,0.0,0.0
0.0,20.0,20.0,70.0,20.0,20.0,0.0,20.0
0.0,0.0,20.0,70.0,70.0,0.0,0.0,20.0
70.0,0.0,0.0,70.0,70.0,0.0,0.0,20.0
0.0,0.0,20.0,0.0,70.0,20.0,0.0,0.0
0.0,20.0,0.0,0.0,0.0,20.0,0.0,70.0
0.0,20.0,20.0,70.0,0.0,20.0,70.0,0.0
0.0,20.0,20.0,70.0,70.0,0.0,70.0,0.0
0.0,0.0,0.0,70.0,70.0,0.0,70.0,20.0
0.0,0.0,20.0,0.0,0.0,0.0,0.0,0.0
0.0,20.0,0.0,0.0,70.0,20.0,20.0,20.0
0.0,20.0,20.0,0.0,70.0,20.0,70.0,0.0
0.0,0.0,0.0,70.0,70.0,20.0,20.0,0.0
0.0,0.0,20.0,0.0,0.0,20.0,0.0,0.0
70.0,20.0,0.0,0.0,0.0,0.0,20.0,20.0
70.0,20.0,0.0,0.0,0.0,0.0,70.0,0.0
0.0,0.0,20.0,0.0,0.0,0.0,70.0,0.0
0.0,0.0,20.0,70.0,70.0,0.0,70.0,0.0
0.0,0.0,0.0,70.0,70.0,0.0,0.0,20.0
0.0,0.0,20.0,70.0,0.0,0.0,70.0,0.0
70.0,0.0,20.0,0.0,0.0,0.0,70.0,0.0
20.0,20.0,0.0,0.0,70.0,0.0,20.0,20.0
0.0,20.0,20.0,0.0,0.0,0.0,0.0,20.0
0.0,20.0,20.0,70.0,0.0,70.0,70.0,20.0
0.0,20.0,0.0,70.0,0.0,20.0,20.0,0.0
0.0,20.0,20.0,70.0,0.0,20.0,0.0,20.0
0.0,0.0,0.0,70.0,0.0,0.0,0.0,20.0
0.0,20.0,0.0,70.0,20.0,0.0,0.0,20.0
0.0,0.0,0.0,70.0,70.0,20.0,70.0,0.0
0.0,0.0,0.0,70.0,70.0,20.0,70.0,0.0
0.0,20.0,20.0,0.0,0.0,70.0,70.0,20.0
0.0,20.0,20.0,20.0,70.0,0.0,70.0,20.0
70.0,20.0,0.0,0.0,70.0,0.0,0.0,20.0
0.0,70.0,0.0,70.0,0.0,0.0,70.0,20.0
0.0,0.0,20.0,70.0,70.0,0.0,70.0,0.0
70.0,20.0,0.0,70.0,0.0,20.0,0.0,0.0
0.0,20.0,20.0,70.0,0.0,0.0,20.0,0.0
0.0,0.0,0.0,0.0,0.0,20.0,0.0,0.0
70.0,0.0,20.0,70.0,0.0,0.0,70.0,0.0
0.0,20.0,0.0,70.0,0.0,20.0,70.0,0.0
70.0,20.0,20.0,70.0,0.0,70.0,0.0,0.0
70.0,0.0,20.0,70.0,70.0,20.0,70.0,20.0
0.0,0.0,20.0,70.0,0.0,0.0,20.0,0.0
70.0,20.0,0.0,0.0,0.0,0.0,70.0,20.0
0.0,0.0,0.0,70.0,0.0,20.0,70.0,20.0
0.0,20.0,0.0,70.0,0.0,20.0,0.0,20.0
70.0,0.0,20.0,70.0,0.0,20.0,70.0,20.0
70.0,20.0,20.0,20.0,0.0,20.0,70.0,0.0
0.0,20.0,20.0,0.0,0.0,0.0,70.0,20.0
70.0,0.0,20.0,70.0,0.0,0.0,0.0,20.0
70.0,20.0,20.0,70.0,0.0,20.0,70.0,20.0
0.0,20.0,0.0,70.0,0.0,20.0,70.0,20.0
70.0,0.0,20.0,70.0,0.0,0.0,0.0,20.0
20.0,20.0,20.0,20.0,0.0,0.0,0.0,0.0
70.0,20.0,0.0,70.0,0.0,0.0,0.0,20.0
20.0,70.0,0.0,70.0,0.0,0.0,70.0,20.0
0.0,0.0,0.0,70.0,0.0,0.0,70.0,20.0
0.0,20.0,0.0,70.0,0.0,0.0,70.0,0.0
0.0,0.0,0.0,70.0,0.0,0.0,0.0,20.0
0.0,0.0,20.0,70.0,0.0,0.0,20.0,20.0
0.0,20.0,20.0,70.0,20.0,20.0,0.0,0.0
20.0,20.0,0.0,20.0,0.0,20.0,0.0,0.0
70.0,0.0,0.0,70.0,0.0,0.0,0.0,20.0
